created_at,owner_id,owner_type,owner_name,id,name,visibility,readable_size,raw_size,collaborators,fork?,deleted?
2015-01-14 11:37:55 UTC,6,Organization,Enterprise-Collaboration,1,eSearch,public,4.66MB,4660,0,false,false
2015-01-14 11:38:47 UTC,6,Organization,Enterprise-Collaboration,2,mashup-widgets,public,35.16MB,35156,0,false,false
2015-01-14 11:39:08 UTC,6,Organization,Enterprise-Collaboration,3,Portal8-Services,public,548KB,548,0,false,false
2015-01-14 11:39:21 UTC,6,Organization,Enterprise-Collaboration,4,ReportRegistry,public,5.73MB,5732,0,false,false
2015-01-14 11:39:41 UTC,6,Organization,Enterprise-Collaboration,5,Test-repo,public,56KB,56,0,false,false
2015-01-14 11:39:53 UTC,6,Organization,Enterprise-Collaboration,6,ProxyVoting,public,9.42MB,9424,0,false,false
2015-01-14 11:40:03 UTC,40,Organization,EC-Sharepoint,7,SPEVNAdmin,public,9.97MB,9968,0,false,false
2015-01-14 11:40:46 UTC,48,Organization,TF-InvestmentsPortal-IDCC,8,IDCC-ng_iWidget_BoilerPlate,public,1.99MB,1988,0,false,false
2015-01-14 11:41:32 UTC,8,Organization,Trade-Efficiencies-TS,9,HelloWorld,public,104KB,104,0,false,false
2015-01-14 11:41:41 UTC,8,Organization,Trade-Efficiencies-TS,10,Demo,public,100KB,100,0,false,false
2015-01-14 11:42:01 UTC,139,Organization,Trade-Efficiencies-RepoManager,11,OTPP.RepoManager.RepoManagerClientApp,public,34.53MB,34527,0,false,false
2015-01-14 11:42:27 UTC,9,Organization,Investment-IT-Architecture,12,Portal-Widgets,public,100KB,100,0,false,false
2015-01-14 11:42:54 UTC,10,Organization,Trade-Efficiencies-Common,13,TIBCO-Message-Service,public,772KB,772,0,false,false
2015-01-14 11:43:19 UTC,10,Organization,Trade-Efficiencies-Common,14,SSIS-TIBCO-Orchestration,public,168KB,168,0,false,false
2015-01-14 11:43:51 UTC,11,Organization,TE-BI-One-PnL,15,One-PnL-SSIS-TIBCO-Orchestration,public,204KB,204,0,false,false
2015-01-14 11:44:09 UTC,44,Organization,TE-BI-Continuous-Integration-Framework,16,PowerDoc-Legacy,public,1.76MB,1764,0,false,false
2015-01-14 13:04:34 UTC,9,Organization,Investment-IT-Architecture,17,Fall-2014-Documentation,public,34.63MB,34632,0,false,false
2015-01-14 13:10:39 UTC,9,Organization,Investment-IT-Architecture,19,Winter-2015-Projects-Documents,public,43.58MB,43576,0,false,false
2015-01-14 13:15:22 UTC,9,Organization,Investment-IT-Architecture,20,OntoComAPI,public,59.05MB,59048,0,false,false
2015-01-15 13:54:36 UTC,6,Organization,Enterprise-Collaboration,21,ac-sandbox,public,100KB,100,0,false,false
2015-01-16 18:30:16 UTC,38,Organization,EC-PORTAL-8,22,JSSnippets,public,200KB,200,0,false,false
2015-01-19 20:09:29 UTC,38,Organization,EC-PORTAL-8,24,QuickLinksWidget,public,244KB,244,0,false,false
2015-01-19 20:14:40 UTC,38,Organization,EC-PORTAL-8,25,FIAI_SummaryForm,public,400KB,400,0,false,false
2015-01-20 19:13:17 UTC,38,Organization,EC-PORTAL-8,26,FIAI_Document_TreeViewer,public,196KB,196,0,false,false
2015-01-20 21:08:22 UTC,11,Organization,TE-BI-One-PnL,27,SSIS,public,1.14MB,1140,0,false,false
2015-01-20 21:11:38 UTC,11,Organization,TE-BI-One-PnL,28,PerfTest,public,168KB,168,0,false,false
2015-01-20 21:13:50 UTC,11,Organization,TE-BI-One-PnL,29,Documents,public,332KB,332,0,false,false
2015-01-21 15:50:04 UTC,11,Organization,TE-BI-One-PnL,31,Excel-AddIn,public,2.62MB,2624,0,false,false
2015-01-21 20:22:27 UTC,41,Organization,EC-eSearch,32,Search.ServiceV2,public,4.51MB,4509,0,false,false
2015-01-22 16:12:53 UTC,38,Organization,EC-PORTAL-8,33,Search-Text-Box,public,212KB,212,0,false,false
2015-01-22 19:16:07 UTC,43,Organization,EC-ACE,35,DirectoryServices,public,5.53MB,5532,0,false,false
2015-01-23 20:18:43 UTC,45,Organization,TE-BI-SSRS,36,NR-PnL-Report,public,164KB,164,0,false,false
2015-01-26 14:49:58 UTC,38,Organization,EC-PORTAL-8,37,FIAI_Entity_Treeviewer,public,34.32MB,34316,0,false,false
2015-01-26 15:45:05 UTC,41,Organization,EC-eSearch,38,Endeca.Record.Update,public,112KB,112,0,false,false
2015-01-26 15:52:21 UTC,41,Organization,EC-eSearch,39,EID.Endeca.Update,public,108KB,108,0,false,false
2015-01-26 18:06:41 UTC,11,Organization,TE-BI-One-PnL,40,OnePnLService,public,1.00MB,1004,0,false,false
2015-01-26 19:10:13 UTC,11,Organization,TE-BI-One-PnL,41,Tabular-Model,public,1.37MB,1368,0,false,false
2015-01-29 19:11:24 UTC,47,Organization,TE-BI-Prime-Broker,43,ETL,public,892KB,892,0,false,false
2015-01-30 19:35:08 UTC,39,User,wangf2,44,IDCCDashboard-Widgets,public,224KB,224,0,true,false
2015-02-02 17:51:33 UTC,47,Organization,TE-BI-Prime-Broker,45,PowerPivot-model,public,1.54MB,1536,0,false,false
2015-02-03 14:45:31 UTC,38,Organization,EC-PORTAL-8,46,Page-Request-Filter,public,108KB,108,0,false,false
2015-02-03 17:17:07 UTC,18,User,dalrymm,47,browserify-iwidget-sample,public,3.09MB,3088,0,false,false
2015-02-03 21:04:03 UTC,51,Organization,EDP-EDW-SSIS,48,EDW_Staging,public,280KB,280,0,false,false
2015-02-03 21:07:38 UTC,51,Organization,EDP-EDW-SSIS,49,IS_Catalogs,public,96KB,96,0,false,false
2015-02-03 21:12:47 UTC,52,Organization,EDP-EDW-Oracle,50,BSAR_Release,public,160KB,160,0,false,false
2015-02-04 18:06:10 UTC,40,Organization,EC-Sharepoint,51,EVNSPSiteOwners,public,3.96MB,3960,0,false,false
2015-02-04 20:47:56 UTC,44,Organization,TE-BI-Continuous-Integration-Framework,52,PowerDoc-SearchUI-Legacy,public,340KB,340,0,false,false
2015-02-06 15:37:49 UTC,46,User,tais,54,testACE,public,96KB,96,0,false,false
2015-02-06 18:55:07 UTC,48,Organization,TF-InvestmentsPortal-IDCC,57,TF-InvestmentsPortal-IDCC-IDCC_Service-BetaConcentratonService,public,21.08MB,21080,0,false,false
2015-02-10 19:29:36 UTC,33,User,wonga2,58,EC-ProxyVoting,public,96KB,96,0,false,false
2015-02-10 19:32:34 UTC,53,Organization,EC-ProxyVoting,59,ProxyVotingImport,public,204KB,204,0,false,false
2015-02-11 15:26:02 UTC,11,Organization,TE-BI-One-PnL,60,Staging-Schema,public,180KB,180,0,false,false
2015-02-17 19:07:17 UTC,40,Organization,EC-Sharepoint,61,ETSDataUpdater,public,3.23MB,3228,0,false,false
2015-02-17 19:08:01 UTC,40,Organization,EC-Sharepoint,63,ETSDataUpdater.Tibco,public,544KB,544,0,false,false
2015-02-18 17:55:05 UTC,4,User,sturgea2,64,tfs2GitTesting,public,96KB,96,0,false,false
2015-02-18 18:43:25 UTC,44,Organization,TE-BI-Continuous-Integration-Framework,65,model-registry,public,1.92MB,1920,0,false,false
2015-02-18 19:48:27 UTC,44,Organization,TE-BI-Continuous-Integration-Framework,67,sandbox,public,600KB,600,0,false,false
2015-02-20 13:45:33 UTC,40,Organization,EC-Sharepoint,68,SPEndecaIndexer,public,536KB,536,0,false,false
2015-02-20 14:01:05 UTC,41,Organization,EC-eSearch,69,EndecaUtilityService,public,340KB,340,0,false,false
2015-02-20 20:32:20 UTC,43,Organization,EC-ACE,72,EMDEntitySPList,public,17.22MB,17220,0,false,false
2015-02-26 18:51:29 UTC,56,Organization,Trade-Efficiencies-Findur,74,OTPP.Findur.STP.OpenComponents.OTPP152_ImportNewTradeFromQueue,public,4.94MB,4939,0,false,false
2015-02-27 14:46:16 UTC,36,User,zhangch,76,AgileManagement,public,392KB,392,0,false,false
2015-03-02 18:20:45 UTC,58,Organization,EC-TAXOS,79,TAXOS.Tibco,public,236KB,236,0,false,false
2015-03-02 18:21:19 UTC,58,Organization,EC-TAXOS,80,TAXOS.DB,public,96KB,96,0,false,false
2015-03-03 15:42:01 UTC,48,Organization,TF-InvestmentsPortal-IDCC,81,IDCC-iWidget-IssueManagment_BetaConcentration,public,248KB,248,0,false,false
2015-03-03 15:49:42 UTC,48,Organization,TF-InvestmentsPortal-IDCC,82,IDCC-iWidget-IssueManagment_BIP,public,240KB,240,0,false,false
2015-03-03 15:51:47 UTC,48,Organization,TF-InvestmentsPortal-IDCC,83,IDCC-iWidget-IssueManagment_CollateralDisputes,public,244KB,244,0,false,false
2015-03-03 15:52:35 UTC,48,Organization,TF-InvestmentsPortal-IDCC,84,IDCC-iWidget-IssueManagment_IDCC,public,244KB,244,0,false,false
2015-03-03 15:53:19 UTC,48,Organization,TF-InvestmentsPortal-IDCC,85,IDCC-iWidget-IssueManagment_KDP,public,232KB,232,0,false,false
2015-03-10 20:20:49 UTC,48,Organization,TF-InvestmentsPortal-IDCC,94,IDCC_Service-CreditCounterpartyService,public,17.99MB,17992,0,false,false
2015-03-11 13:35:53 UTC,48,Organization,TF-InvestmentsPortal-IDCC,95,IDCC-iWidget-TradeRestriction,public,212KB,212,0,false,false
2015-03-11 13:46:26 UTC,62,Organization,TE-BI-CI-SandBox,96,OTPPLogger,public,124KB,124,0,false,false
2015-03-11 13:59:20 UTC,62,Organization,TE-BI-CI-SandBox,97,NuGet.Logger.NET20,public,124KB,124,0,false,false
2015-03-11 13:59:45 UTC,62,Organization,TE-BI-CI-SandBox,98,Lib,public,368KB,368,0,false,false
2015-03-11 18:40:56 UTC,37,User,yiut,99,Repo-Manager,public,68.85MB,68852,0,true,false
2015-03-13 17:42:21 UTC,62,Organization,TE-BI-CI-SandBox,101,CIProjectDemo,public,140KB,140,0,false,false
2015-03-17 00:49:46 UTC,57,Organization,Trade-Efficiencies-CRD,103,OTPP.CRD.Compliance.TIBCO.ChinaDayTradingComplianceCheck,public,852KB,852,0,false,false
2015-03-17 20:19:56 UTC,66,User,huk,106,BOR-Hu-Test,public,56KB,56,0,false,false
2015-03-18 17:43:19 UTC,40,Organization,EC-Sharepoint,107,SP-Bridge-Service,public,2.02MB,2016,0,false,false
2015-03-18 20:09:52 UTC,74,Organization,TE-BI-Sandbox,108,twitter_load,public,112KB,112,0,false,false
2015-03-19 12:57:03 UTC,75,Organization,EC-ReportRegistry,109,ReportRegistry.Tibco,public,204KB,204,0,false,false
2015-03-19 13:10:58 UTC,75,Organization,EC-ReportRegistry,110,ReportRegistryService,public,6.26MB,6264,0,false,false
2015-03-19 13:11:19 UTC,75,Organization,EC-ReportRegistry,111,ReportRegistryNotification,public,564KB,564,0,false,false
2015-03-20 15:38:50 UTC,64,Organization,TF-InvestmentsPortal-IDLC,112,IDLC-TFS,public,28.88MB,28880,0,false,false
2015-03-24 14:29:30 UTC,61,Organization,DevOps,113,tfs2Git,public,252KB,252,0,false,false
2015-03-24 14:32:03 UTC,77,Organization,PMER-DA,114,PortfolioAdministrationSite,public,56KB,56,0,false,false
2015-03-24 15:08:58 UTC,84,Organization,PMER-DPRS,116,AdministrationSite,public,56KB,56,0,false,false
2015-03-24 15:09:17 UTC,84,Organization,PMER-DPRS,117,BinaryReferences,public,56KB,56,0,false,false
2015-03-24 15:09:30 UTC,84,Organization,PMER-DPRS,118,CalculationService,public,56KB,56,0,false,false
2015-03-24 15:09:44 UTC,84,Organization,PMER-DPRS,119,Cube,public,56KB,56,0,false,false
2015-03-24 15:09:56 UTC,84,Organization,PMER-DPRS,120,Documentation,public,56KB,56,0,false,false
2015-03-24 15:10:02 UTC,84,Organization,PMER-DPRS,121,IntegrationScripts,public,56KB,56,0,false,false
2015-03-24 15:10:13 UTC,84,Organization,PMER-DPRS,122,ProcessingService,public,56KB,56,0,false,false
2015-03-24 15:10:28 UTC,84,Organization,PMER-DPRS,123,TaggingService,public,56KB,56,0,false,false
2015-03-24 15:10:44 UTC,84,Organization,PMER-DPRS,124,Report,public,56KB,56,0,false,false
2015-03-24 15:10:54 UTC,84,Organization,PMER-DPRS,125,TaggingSite,public,56KB,56,0,false,false
2015-03-24 15:12:42 UTC,84,Organization,PMER-DPRS,126,VerificationService,public,56KB,56,0,false,false
2015-03-24 15:32:53 UTC,65,Organization,BOR-CashReplacement,127,qnt-in-source-adaptor,public,612KB,612,0,false,false
2015-03-24 15:39:06 UTC,85,Organization,PMER-DS,128,ValuationService,public,56KB,56,0,false,false
2015-03-24 15:39:15 UTC,85,Organization,PMER-DS,129,TransactionService,public,56KB,56,0,false,false
2015-03-24 15:39:26 UTC,85,Organization,PMER-DS,130,PortfolioService,public,56KB,56,0,false,false
2015-03-24 15:39:46 UTC,85,Organization,PMER-DS,131,MarketReferenceService,public,56KB,56,0,false,false
2015-03-24 15:43:56 UTC,85,Organization,PMER-DS,132,FinancialInstrumentService,public,56KB,56,0,false,false
2015-03-24 15:44:11 UTC,85,Organization,PMER-DS,133,Documentation,public,56KB,56,0,false,false
2015-03-24 18:28:04 UTC,77,Organization,PMER-DA,137,Documentation,public,332KB,332,0,false,false
2015-03-27 14:39:18 UTC,19,User,elliotj2,140,dotNET-Fakes,public,120KB,120,0,false,false
2015-03-27 20:11:22 UTC,65,Organization,BOR-CashReplacement,142,quantum-deal-importer-config,public,136KB,136,0,false,false
2015-03-31 16:12:23 UTC,48,Organization,TF-InvestmentsPortal-IDCC,143,IDCC-TFS,public,2.28MB,2276,0,false,false
2015-04-01 15:18:56 UTC,88,Organization,TE-BI-TIBCO-StreamBase,145,TIBCO-Streambase-POC,public,33.16MB,33156,0,false,false
2015-04-01 15:27:57 UTC,88,Organization,TE-BI-TIBCO-StreamBase,146,BBG-BlPapi-jar,public,160KB,160,0,false,false
2015-04-01 15:32:58 UTC,88,Organization,TE-BI-TIBCO-StreamBase,147,Documents,public,56KB,56,0,false,false
2015-04-01 21:13:07 UTC,65,Organization,BOR-CashReplacement,150,quantum-api-sample,public,120KB,120,0,false,false
2015-04-02 19:31:52 UTC,57,Organization,Trade-Efficiencies-CRD,152,OTPP.CRD.Compliance.TIBCO.ChinaDayTradingComplianceCheckTransformer,public,332KB,332,0,false,false
2015-04-02 20:46:16 UTC,89,Organization,SE-AngularJS,153,LongPoll,public,120KB,120,0,false,false
2015-04-03 16:50:02 UTC,57,Organization,Trade-Efficiencies-CRD,154,OTPP.CRD.Service.CRDDataService,public,564KB,564,0,false,false
2015-04-04 17:31:54 UTC,57,Organization,Trade-Efficiencies-CRD,155,OTPP.CRD.Service.CRDDataServiceClient,public,200KB,200,0,false,false
2015-04-10 12:43:58 UTC,23,User,jasionb,156,Search.Service,public,4.64MB,4636,0,true,false
2015-04-10 18:46:40 UTC,90,Organization,TE-BI-NLP,158,pdf-summarizer,public,104KB,104,0,false,false
2015-04-10 18:59:49 UTC,90,Organization,TE-BI-NLP,159,PDF-Parser,public,143.67MB,143668,0,false,false
2015-04-13 15:11:41 UTC,41,Organization,EC-eSearch,160,ConnectionsIndexingService,public,896KB,896,0,false,false
2015-04-13 15:18:04 UTC,45,Organization,TE-BI-SSRS,161,Repo-Maturity,public,136KB,136,0,false,false
2015-04-13 15:18:43 UTC,41,Organization,EC-eSearch,162,LookupListSyncService,public,1.44MB,1444,0,false,false
2015-04-17 15:38:12 UTC,88,Organization,TE-BI-TIBCO-StreamBase,163,MarketData-sbapp,public,164KB,164,0,false,false
2015-04-17 19:47:35 UTC,88,Organization,TE-BI-TIBCO-StreamBase,164,MarketAxessData,public,24.36MB,24356,0,false,false
2015-04-17 21:00:03 UTC,57,Organization,Trade-Efficiencies-CRD,165,OTPP.CRD.Tool.HolidayCalendarXmlGenerator,public,656KB,656,0,false,false
2015-04-20 01:51:15 UTC,8,Organization,Trade-Efficiencies-TS,166,OTPP.TETool.ReptileUtility,public,96KB,96,0,false,false
2015-04-20 19:59:07 UTC,53,Organization,EC-ProxyVoting,167,BlockMeetingUI,public,10.94MB,10940,0,false,false
2015-04-20 19:59:22 UTC,53,Organization,EC-ProxyVoting,168,ReconUI,public,208KB,208,0,false,false
2015-04-21 20:23:33 UTC,93,Organization,TE-BI-SSIS,169,locus-sapphire-etl,public,164KB,164,0,false,false
2015-04-21 20:36:34 UTC,10,Organization,Trade-Efficiencies-Common,170,otpp.common.tibco.ftppoller,public,204KB,204,0,false,false
2015-04-21 21:01:40 UTC,56,Organization,Trade-Efficiencies-Findur,171,OTPP.Findur.STP.Tools.BloombergTradesFileConsolidator,public,112KB,112,0,false,false
2015-04-23 19:28:38 UTC,57,Organization,Trade-Efficiencies-CRD,174,OTPP.CRD.Customization.CRDInternalCross,public,224KB,224,0,false,false
2015-04-24 17:01:24 UTC,57,Organization,Trade-Efficiencies-CRD,176,OTPP.CRD.Customization.ExpiryProcessor,public,280KB,280,0,false,false
2015-04-27 15:27:51 UTC,56,Organization,Trade-Efficiencies-Findur,177,OTPP.Findur.OpenComponent.OTPP59_GenerateDCDDocument,public,4.88MB,4880,0,false,false
2015-04-27 16:02:34 UTC,58,Organization,EC-TAXOS,178,TAXO.CustomReport-TO_BE_DELETED,public,144KB,144,0,false,false
2015-04-28 19:05:08 UTC,33,User,wonga2,179,RandomTask,public,2.89MB,2892,1,false,false
2015-04-28 20:13:51 UTC,40,Organization,EC-Sharepoint,180,SP-Event-Handler,public,13.84MB,13844,0,false,false
2015-05-01 18:18:38 UTC,47,Organization,TE-BI-Prime-Broker,181,Staging-Schema,public,96KB,96,0,false,false
2015-05-04 13:09:49 UTC,97,Organization,SE-JIRA,182,CustomFieldUpdater_Service,public,576KB,576,0,false,false
2015-05-05 01:41:57 UTC,56,Organization,Trade-Efficiencies-Findur,183,OTPP.Findur.STP.Tools.TIBCO.FileRouter,public,128KB,128,0,false,false
2015-05-05 14:39:19 UTC,88,Organization,TE-BI-TIBCO-StreamBase,184,GSI-POC,public,1.32MB,1324,0,false,false
2015-05-06 19:44:52 UTC,105,Organization,TF-InvestmentsPortal-EMC,186,EMC-TFS,public,1.47MB,1472,0,false,false
2015-05-07 14:06:05 UTC,100,User,dyj,190,Test,public,30.20MB,30196,0,false,false
2015-05-07 18:22:54 UTC,88,Organization,TE-BI-TIBCO-StreamBase,192,MarketData-LV,public,120KB,120,0,false,false
2015-05-08 14:37:41 UTC,106,Organization,TF-InvestmentsPortal-Core,194,Webstat,public,436KB,436,0,false,false
2015-05-11 14:29:42 UTC,43,Organization,EC-ACE,196,DirectoryIntegration,public,188KB,188,0,false,false
2015-05-11 14:30:03 UTC,43,Organization,EC-ACE,197,DirectoryIntegrationTestPanel,public,164KB,164,0,false,false
2015-05-12 20:44:15 UTC,38,Organization,EC-PORTAL-8,200,SharePointDocLibViewer,public,104KB,104,0,false,false
2015-05-13 13:23:56 UTC,38,Organization,EC-PORTAL-8,201,SharePointDocSetViewer,public,144KB,144,0,false,false
2015-05-13 15:34:13 UTC,41,Organization,EC-eSearch,202,Endeca-ETL_Graphs,public,216KB,216,0,false,false
2015-05-13 20:25:29 UTC,56,Organization,Trade-Efficiencies-Findur,204,OTPP.Findur.OpenComponent.Test,public,112KB,112,0,false,false
2015-05-14 13:11:05 UTC,38,Organization,EC-PORTAL-8,205,PeopleByTag,public,248KB,248,0,false,false
2015-05-14 13:25:32 UTC,38,Organization,EC-PORTAL-8,206,WidgetSelfServ,public,144KB,144,0,false,false
2015-05-14 14:20:07 UTC,38,Organization,EC-PORTAL-8,207,DocumentMeetingWidget,public,28.44MB,28440,0,false,false
2015-05-14 15:52:30 UTC,38,Organization,EC-PORTAL-8,208,ConnActivityStream,public,30.14MB,30136,0,false,false
2015-05-15 21:34:00 UTC,53,Organization,EC-ProxyVoting,209,ProxyVotingDataService,public,184KB,184,0,false,false
2015-05-18 17:32:13 UTC,8,Organization,Trade-Efficiencies-TS,210,OTPP.TETool.TIBCO.FileRouter,public,136KB,136,0,false,false
2015-05-19 14:20:03 UTC,8,Organization,Trade-Efficiencies-TS,211,OTPP.TETool.FindDependency,public,3.27MB,3268,0,false,false
2015-05-19 14:50:37 UTC,18,User,dalrymm,213,TEST,public,100KB,100,0,false,false
2015-05-19 21:01:52 UTC,56,Organization,Trade-Efficiencies-Findur,215,OTPP.Findur.STP.TIBCO.MarketAxess.Mapper,public,192KB,192,0,false,false
2015-05-20 02:01:20 UTC,57,Organization,Trade-Efficiencies-CRD,216,OTPP.CRD.Service.CRDDataServiceIntegrationTest,public,100KB,100,0,false,false
2015-05-26 16:39:06 UTC,36,User,zhangch,220,MiscTools,public,96KB,96,0,false,false
2015-05-26 17:34:35 UTC,106,Organization,TF-InvestmentsPortal-Core,221,EventModule-Database-Repository,public,468KB,468,0,false,false
2015-05-28 19:22:02 UTC,76,User,rosenj,241,OTPP.Findur.STP.OpenComponents.OTPP152_ImportNewTradeFromQueue,public,5.20MB,5196,0,true,false
2015-05-28 20:52:17 UTC,124,Organization,BOR-SCDRecons,255,SSISOrchestration-TIBCO,public,148KB,148,0,false,false
2015-05-28 22:03:25 UTC,65,Organization,BOR-CashReplacement,256,qnt-in-destination-adaptor,public,464KB,464,0,false,false
2015-05-29 16:58:01 UTC,56,Organization,Trade-Efficiencies-Findur,257,OTPP.Findur.STP.OpenComponents.OTPP152_ImportCashBonds,public,6.89MB,6888,0,false,false
2015-05-29 20:15:37 UTC,76,User,rosenj,258,OTPP.Findur.STP.OpenComponents.OTPP152_ImportCashBonds,public,4.97MB,4968,0,true,false
2015-06-01 17:53:17 UTC,11,Organization,TE-BI-One-PnL,281,One-PnL-Daily-Snapshot-TIBCO-Orchestration,public,156KB,156,0,false,false
2015-06-02 17:53:04 UTC,126,User,chengab,285,OtppDbWebApi,public,140KB,140,0,false,false
2015-06-02 20:16:33 UTC,23,User,jasionb,287,SE_TestAutomationFramework,public,56KB,56,0,false,false
2015-06-05 13:44:16 UTC,113,Organization,ETS,301,setInternetAddress_Agent,public,96KB,96,0,false,false
2015-06-10 17:47:27 UTC,65,Organization,BOR-CashReplacement,310,quantum-api-wcfservice,public,160.06MB,160064,0,false,false
2015-06-10 21:04:24 UTC,124,Organization,BOR-SCDRecons,311,Recons-SSIS,public,316KB,316,0,false,false
2015-06-11 19:53:26 UTC,8,Organization,Trade-Efficiencies-TS,312,OTPP.Reports.POC.Tools.RepoBondReportComparer,public,164KB,164,0,false,false
2015-06-12 18:24:52 UTC,56,Organization,Trade-Efficiencies-Findur,313,OTPP.Findur.OpenComponent.OTPP42_TradeExport,public,2.48MB,2476,0,false,false
2015-06-13 18:35:50 UTC,57,Organization,Trade-Efficiencies-CRD,314,OTPP.CRD.TIBCO.CRDPostTradeAction,public,288KB,288,0,false,false
2015-06-16 16:36:02 UTC,40,Organization,EC-Sharepoint,315,SharePointFacadeService,public,768KB,768,0,false,false
2015-06-17 20:16:56 UTC,133,Organization,EDP-EVN,316,Enterprise-Metadata,public,648KB,648,0,false,false
2015-06-18 15:35:59 UTC,132,User,liuti,318,ExcelUploader,public,3.20MB,3196,0,false,false
2015-06-18 20:21:45 UTC,57,Organization,Trade-Efficiencies-CRD,321,OTPP.CRD.TIBCO.CRDNDFFixingDateAlert,public,376KB,376,0,false,false
2015-06-19 15:20:29 UTC,134,Organization,BOR-PrivatePartners,323,PrivatePartners,public,31.14MB,31144,0,false,false
2015-06-25 15:34:35 UTC,105,Organization,TF-InvestmentsPortal-EMC,324,EMC-Widgets-EMC_v5,public,7.18MB,7184,0,false,false
2015-06-25 20:01:05 UTC,137,Organization,EC-IRM,326,eFront.Config,public,6.56MB,6564,0,false,false
2015-06-29 19:03:58 UTC,56,Organization,Trade-Efficiencies-Findur,336,OTPP.Findur.OpenComponent.OTPP176_NovationFees,public,5.03MB,5032,0,false,false
2015-06-30 17:52:16 UTC,53,Organization,EC-ProxyVoting,337,ETL.CSV.Validator,public,168KB,168,0,false,false
2015-06-30 18:50:16 UTC,113,Organization,ETS,338,CheckWMI_PS_Scripts,public,96KB,96,0,false,false
2015-07-02 17:47:28 UTC,56,Organization,Trade-Efficiencies-Findur,350,OTPP.Findur.OpenComponent.OTPP130_OTC_CalculateClearingBookingFee,public,208KB,208,0,false,false
2015-07-03 14:55:23 UTC,113,Organization,ETS,359,IIS_SVC_Compare_PS_Script,public,104KB,104,0,false,false
2015-07-03 19:30:17 UTC,44,Organization,TE-BI-Continuous-Integration-Framework,360,PowerDoc-AngularApp,public,488KB,488,0,false,false
2015-07-03 20:34:36 UTC,137,Organization,EC-IRM,361,LotusNotes.Extract.Service,public,904KB,904,0,false,false
2015-07-06 18:02:02 UTC,65,Organization,BOR-CashReplacement,362,quantum-edfasst-wcfservice,public,624KB,624,0,false,false
2015-07-07 22:25:19 UTC,57,Organization,Trade-Efficiencies-CRD,363,OTPP.CRD.Customization.CRDRestrictions,public,36.57MB,36568,0,false,false
2015-07-08 14:14:19 UTC,57,Organization,Trade-Efficiencies-CRD,364,OTPP.CRD.Customization.SendToPostTradeAcct,public,120KB,120,0,false,false
2015-07-08 15:36:22 UTC,57,Organization,Trade-Efficiencies-CRD,367,OTPP.CRD.Customization.OptionsExpiry,public,5.41MB,5408,0,false,false
2015-07-08 15:37:04 UTC,57,Organization,Trade-Efficiencies-CRD,368,OTPP.CRD.Customization.SendToAccounting,public,140KB,140,0,false,false
2015-07-08 15:38:32 UTC,57,Organization,Trade-Efficiencies-CRD,370,OTPP.CRD.Customization.OTPP.Crd.Workflow,public,120KB,120,0,false,false
2015-07-08 15:39:53 UTC,57,Organization,Trade-Efficiencies-CRD,371,OTPP.CRD.Customization.Options_Expiry_Blotter_Button,public,260KB,260,0,false,false
2015-07-08 16:59:41 UTC,38,Organization,EC-PORTAL-8,374,Transaction-Form-Widget,public,708KB,708,0,false,false
2015-07-09 17:21:47 UTC,57,Organization,Trade-Efficiencies-CRD,375,OTPP.CRD.TIBCO.CRDOutboundSES,public,352KB,352,0,false,false
2015-07-10 01:16:31 UTC,56,Organization,Trade-Efficiencies-Findur,377,OTPP.Findur.STP.TIBCO.CanDealXSLTTransformer,public,280KB,280,0,false,false
2015-07-10 11:26:49 UTC,38,Organization,EC-PORTAL-8,378,Generic-Grid-Widget,public,13.59MB,13588,0,false,false
2015-07-10 14:32:33 UTC,56,Organization,Trade-Efficiencies-Findur,379,OTPP.Findur.STP.OpenComponents.OTPP152_ImportSwaps,public,1.38MB,1376,0,false,false
2015-07-10 14:38:10 UTC,106,Organization,TF-InvestmentsPortal-Core,380,EventModule-Windows-Service,public,740KB,740,0,false,false
2015-07-10 14:39:32 UTC,5,User,digiacm,381,WepAPI-Boilerplate,public,96KB,96,0,false,false
2015-07-14 17:00:19 UTC,106,Organization,TF-InvestmentsPortal-Core,382,Testing-Database-TimeMinus30Days,public,212KB,212,0,false,false
2015-07-15 14:07:40 UTC,38,Organization,EC-PORTAL-8,383,TreeViewerWidget,public,192KB,192,0,false,false
2015-07-18 01:12:43 UTC,139,Organization,Trade-Efficiencies-RepoManager,385,OTPP.RepoManager.Service.TIBCO.RepoMaturityNotification,public,224KB,224,0,false,false
2015-07-18 16:10:41 UTC,139,Organization,Trade-Efficiencies-RepoManager,386,OTPP.RepoManager.Service.TIBCO.RepoManagementService,public,364KB,364,0,false,false
2015-07-20 14:32:39 UTC,57,Organization,Trade-Efficiencies-CRD,389,OTPP.CRD.Customization.CRDBulkUploadAddIn,public,360KB,360,0,false,false
2015-07-22 16:40:29 UTC,56,Organization,Trade-Efficiencies-Findur,391,OTPP.Findur.OpenComponent.OTPP07_CashManagementExport,public,108KB,108,0,false,false
2015-07-24 15:30:06 UTC,141,Organization,BOR-Utilities,392,BOR-AD-Explorer,public,14.67MB,14669,0,false,false
2015-07-24 18:00:39 UTC,56,Organization,Trade-Efficiencies-Findur,393,OTPP.Findur.STP.Bloomberg.Repo.VCON,public,132KB,132,0,false,false
2015-07-27 12:47:28 UTC,98,User,khalilm,394,OntoComAPI,public,23.46MB,23460,0,true,false
2015-07-28 20:59:04 UTC,65,Organization,BOR-CashReplacement,395,QuantumStaging,public,2.74MB,2744,0,false,false
2015-07-29 10:56:12 UTC,61,Organization,DevOps,396,Jenkins_Sanity_Test,public,16.91MB,16908,0,false,false
2015-07-29 17:46:06 UTC,65,Organization,BOR-CashReplacement,397,QuantumStagingUI,public,232KB,232,0,false,false
2015-07-29 21:06:58 UTC,66,User,huk,398,BOR-AD-Explorer,public,9.41MB,9414,0,true,false
2015-07-30 14:56:21 UTC,115,User,liubr,399,NewSite_and_AppPool_PS_Script,public,116KB,116,0,false,false
2015-07-31 12:53:56 UTC,53,Organization,EC-ProxyVoting,401,GlassLewisImportService,public,164KB,164,0,false,false
2015-08-04 01:38:13 UTC,36,User,zhangch,402,JiraAddIn,public,244KB,244,0,false,false
2015-08-04 16:21:38 UTC,36,User,zhangch,403,JiraIntegration,public,124KB,124,0,false,false
2015-08-04 19:13:55 UTC,143,User,jeanw,406,test,public,96KB,96,0,false,false
2015-08-05 14:30:31 UTC,137,Organization,EC-IRM,408,eFront.Loader.Service,public,28.79MB,28792,0,false,false
2015-08-05 15:54:59 UTC,137,Organization,EC-IRM,409,SandPCapitalFacade,public,644KB,644,0,false,false
2015-08-05 17:17:13 UTC,56,Organization,Trade-Efficiencies-Findur,411,OTPP.Findur.STP.TIBCO.Bloomberg.Mapper,public,224KB,224,0,false,false
2015-08-07 14:39:03 UTC,43,Organization,EC-ACE,412,ExchangeCalendarsService,public,4.26MB,4256,0,false,false
2015-08-07 15:02:25 UTC,113,Organization,ETS,414,RSR_Deploy_PS_Script,public,199KB,199,0,false,false
2015-08-10 12:56:49 UTC,137,Organization,EC-IRM,415,eFront.Listener.Service,public,5.42MB,5416,0,false,false
2015-08-11 18:10:28 UTC,141,Organization,BOR-Utilities,416,ServerSudokuTraining,private,1.56MB,1560,0,false,false
2015-08-13 19:01:21 UTC,61,Organization,DevOps,420,Jira-Import-Script,public,120KB,120,0,false,false
2015-08-14 17:16:56 UTC,38,Organization,EC-PORTAL-8,421,MyFavouriteReports,public,148KB,148,0,false,false
2015-08-14 17:24:41 UTC,38,Organization,EC-PORTAL-8,422,ReportSet,public,720KB,720,0,false,false
2015-08-17 14:18:16 UTC,144,User,gutierg,423,AxiomaticsService,public,0KB,0,0,false,false
2015-08-17 14:49:10 UTC,56,Organization,Trade-Efficiencies-Findur,425,OTPP.Findur.STP.OpenComponents.OTPP152_ImportCDS,public,168KB,168,0,false,false
2015-08-17 15:51:21 UTC,113,Organization,ETS,426,Remote_Access_Admin_PS_Script,public,104KB,104,0,false,false
2015-08-17 18:18:27 UTC,113,Organization,ETS,427,Services_and_IIS_Validation_PS_Script,public,128KB,128,0,false,false
2015-08-20 19:20:57 UTC,56,Organization,Trade-Efficiencies-Findur,430,OTPP.Findur.OpenComponent.OTPP132_ClearingAndBookingFee,public,124KB,124,0,false,false
2015-08-21 15:59:59 UTC,101,Organization,EDP-EDW,431,Utilities,public,272KB,272,0,false,false
2015-08-21 18:07:56 UTC,141,Organization,BOR-Utilities,432,Process-Launcher,public,7.48MB,7484,0,false,false
2015-08-21 19:18:40 UTC,101,Organization,EDP-EDW,433,EDW-Monitor,public,8.32MB,8320,0,false,false
2015-08-24 17:09:11 UTC,144,User,gutierg,434,AccessControl,public,108KB,108,0,false,false
2015-08-24 18:28:55 UTC,148,Organization,TE-BI-TabularModels,435,ActiveExposure,public,160KB,160,0,false,false
2015-08-24 18:32:16 UTC,148,Organization,TE-BI-TabularModels,436,TabularModelRefresh,public,228KB,228,0,false,false
2015-08-24 18:41:04 UTC,145,Organization,IT-Efficiencies,438,AccessControl,public,260KB,260,0,false,false
2015-08-26 15:33:43 UTC,45,Organization,TE-BI-SSRS,442,PowerPivotRefresh,public,168KB,168,0,false,false
2015-08-27 13:11:23 UTC,161,Organization,SE-Templates,443,angular-seed,public,24.58MB,24576,0,false,false
2015-08-27 14:49:32 UTC,29,User,sapozha,444,TIBCOSingleCubeProcessingOrchestration,public,0KB,0,0,false,false
2015-08-27 14:59:52 UTC,11,Organization,TE-BI-One-PnL,445,TIBCOSingleCubeProcessingOrchestration,public,188KB,188,0,false,false
2015-08-28 13:41:16 UTC,145,Organization,IT-Efficiencies,446,AccessControlTesting,public,292KB,292,0,false,false
2015-08-28 14:35:57 UTC,150,Organization,SE-Common,447,otpp-logger,public,96KB,96,0,false,false
2015-08-28 17:54:43 UTC,64,Organization,TF-InvestmentsPortal-IDLC,448,AggregationService-Views,public,196KB,196,0,false,false
2015-08-28 19:49:48 UTC,105,Organization,TF-InvestmentsPortal-EMC,449,AggregationService-Views,public,148KB,148,0,false,false
2015-08-31 14:30:36 UTC,151,Organization,TF-Delphix,450,EDBTFDEV,public,148KB,148,0,false,false
2015-08-31 14:31:10 UTC,151,Organization,TF-Delphix,451,EDBTFPORTALDEV,public,168KB,168,0,false,false
2015-08-31 17:22:11 UTC,5,User,digiacm,452,Jenkins-Dev-Config,public,96KB,96,0,false,false
2015-09-01 15:01:25 UTC,48,Organization,TF-InvestmentsPortal-IDCC,453,AggregationService-Views,public,164KB,164,0,false,false
2015-09-01 20:30:40 UTC,9,Organization,Investment-IT-Architecture,456,PositionStructureService,public,29.15MB,29152,0,false,false
2015-09-01 20:31:53 UTC,9,Organization,Investment-IT-Architecture,457,Fall-2015-Projects-Documents,public,4.08MB,4080,0,false,false
2015-09-02 12:38:07 UTC,38,Organization,EC-PORTAL-8,458,SearchResults,public,1.04MB,1044,0,false,false
2015-09-02 12:38:25 UTC,38,Organization,EC-PORTAL-8,459,SearchResultsV3,public,624KB,624,0,false,false
2015-09-02 13:02:04 UTC,38,Organization,EC-PORTAL-8,460,DocumentViewer,public,536KB,536,0,false,false
2015-09-02 13:20:52 UTC,106,Organization,TF-InvestmentsPortal-Core,461,Testing-EventModule-ScenarioRunner,public,284KB,284,0,false,false
2015-09-02 13:30:51 UTC,113,Organization,ETS,462,get_wsdl_PS_Script,public,100KB,100,0,false,false
2015-09-03 17:53:12 UTC,155,Organization,EC-IntranetSearch,468,EndecaRestfulService,public,580KB,580,0,false,false
2015-09-04 01:27:53 UTC,8,Organization,Trade-Efficiencies-TS,469,OTPP.TETool.CRDLogAnalyzer,public,216KB,216,0,false,false
2015-09-08 12:19:37 UTC,41,Organization,EC-eSearch,473,Search.Service,public,348KB,348,0,false,false
2015-09-10 14:26:12 UTC,145,Organization,IT-Efficiencies,476,HR-Report,public,20.98MB,20980,0,false,false
2015-09-10 14:43:45 UTC,76,User,rosenj,477,test,private,0KB,0,0,false,false
2015-09-10 16:58:41 UTC,56,Organization,Trade-Efficiencies-Findur,478,OTPP.Findur.STP.OpenComponents.OTPP152_ImportBonds,public,176KB,176,0,false,false
2015-09-10 17:21:08 UTC,154,User,ajong2,479,RSR_Deploy_PS_Script,public,81KB,81,0,true,false
2015-09-11 09:46:31 UTC,61,Organization,DevOps,480,GitHub-Services-BackEnd,public,1.14MB,1144,0,false,false
2015-09-11 09:56:18 UTC,61,Organization,DevOps,481,GitHub-Services-FrontEnd,public,156KB,156,0,false,false
2015-09-11 18:44:56 UTC,74,Organization,TE-BI-Sandbox,482,sandbox,public,116KB,116,0,false,false
2015-09-11 19:05:35 UTC,147,User,lopesr,483,EL_TestRepo,public,104KB,104,0,false,false
2015-09-14 17:04:26 UTC,58,Organization,EC-TAXOS,484,Taxos-Webservice,public,10.66MB,10664,0,false,false
2015-09-14 18:40:42 UTC,36,User,zhangch,485,OTPP.AgileManagement,private,6.04MB,6044,0,false,false
2015-09-16 14:12:57 UTC,162,Organization,TE-BI-Utilities,488,SharePointUilities,public,576KB,576,0,false,false
2015-09-17 13:20:49 UTC,164,Organization,ITE-EDFUtilities,490,TransformEDFLibrary,public,120KB,120,0,false,false
2015-09-17 15:16:05 UTC,164,Organization,ITE-EDFUtilities,492,CallTransformEDFLibraryExample,public,128KB,128,0,false,false
2015-09-17 19:05:27 UTC,164,Organization,ITE-EDFUtilities,494,CreateIncidentEDF,public,220KB,220,0,false,false
2015-09-18 12:47:33 UTC,11,Organization,TE-BI-One-PnL,496,One-PnL-DPRS-Synch-Notification-Process,public,196KB,196,0,false,false
2015-09-18 18:47:18 UTC,165,Organization,ITE-WorkdayCorpDirIntegration,498,WorkdayAdapter,public,288KB,288,0,false,false
2015-09-18 18:48:06 UTC,165,Organization,ITE-WorkdayCorpDirIntegration,499,WhoSWhoAdapter,public,828KB,828,0,false,false
2015-09-18 18:58:30 UTC,163,Organization,ITE-CriticalAlertIntegration,500,DailyProcessSCDAlert,public,268KB,268,0,false,false
2015-09-18 18:59:50 UTC,163,Organization,ITE-CriticalAlertIntegration,501,DailyProcessRiskAlert,public,296KB,296,0,false,false
2015-09-18 19:09:07 UTC,165,Organization,ITE-WorkdayCorpDirIntegration,502,TroubleShootingTools,public,132KB,132,0,false,false
2015-09-21 15:25:32 UTC,159,User,iritsyv,503,AccessControl,public,0KB,0,0,false,false
2015-09-21 18:37:28 UTC,154,User,ajong2,504,Check_services,public,132KB,132,0,false,false
2015-09-23 00:32:58 UTC,36,User,zhangch,506,OTPP.JIRAManager,private,6.18MB,6176,0,false,false
2015-09-23 14:39:41 UTC,169,Organization,ITE-TIBCO6-Testing,507,TIBCO6-Test-Template,public,14.57MB,14572,0,false,false
2015-09-25 19:02:38 UTC,156,User,chenle,509,checkinHook,private,172KB,172,0,false,false
2015-09-28 19:10:24 UTC,145,Organization,IT-Efficiencies,511,TIBCO-6-Unit-Test-Plugin,public,1.03MB,1032,0,false,false
2015-09-28 20:00:03 UTC,145,Organization,IT-Efficiencies,512,TAAP-Integration,public,144KB,144,0,false,false
2015-09-29 14:35:55 UTC,145,Organization,IT-Efficiencies,513,test-unit-test-plugin,public,112KB,112,0,false,false
2015-09-29 17:38:01 UTC,172,Organization,IC2015-ApplicationHealth,514,Redis-Facade-Service,public,6.14MB,6136,0,false,false
2015-09-30 20:21:27 UTC,19,User,elliotj2,515,InnovationChallenge2015,private,7.29MB,7292,3,false,false
2015-10-02 13:38:58 UTC,48,Organization,TF-InvestmentsPortal-IDCC,516,IDCC-LocalDevelopment,public,39.58MB,39576,0,false,false
2015-10-02 17:21:14 UTC,176,Organization,IT-Efficiencies-Guardium,521,OTPP.Guardium.IT-Efficiencies.Rich-Client.Guardium-MIG-branch.GuardiumSampling,public,200KB,200,0,false,false
2015-10-02 19:15:26 UTC,48,Organization,TF-InvestmentsPortal-IDCC,522,IDCC-Database-TaxoTableAQMessage,public,104KB,104,0,false,false
2015-10-05 12:50:38 UTC,180,Organization,GitHub-Admins,523,ApplicationCredentials,private,112KB,112,0,false,false
2015-10-06 01:25:17 UTC,36,User,zhangch,525,OTPP.JIRAManager.DataLoader,public,155KB,155,1,false,false
2015-10-07 15:15:54 UTC,72,User,hsut,526,IACalculator_Exceladdin,public,0KB,0,1,false,false
2015-10-07 18:16:32 UTC,106,Organization,TF-InvestmentsPortal-Core,527,test,public,104KB,104,0,false,false
2015-10-08 15:38:16 UTC,36,User,zhangch,529,Otpp.InnovationChallenge.TCA,public,104KB,104,0,false,false
2015-10-08 19:51:50 UTC,101,Organization,EDP-EDW,530,EDF-ReferenceDataService,public,5.60MB,5596,0,false,false
2015-10-13 18:55:40 UTC,179,Organization,TE-GSI,531,GSI,private,104KB,104,0,false,false
2015-10-14 19:11:01 UTC,183,Organization,IT-Efficiencies-DBMaestro,533,DBMaestro-PerlScripts,public,2.08MB,2084,0,false,false
2015-10-15 14:21:21 UTC,172,Organization,IC2015-ApplicationHealth,534,ElasticSearch,public,104KB,104,0,false,false
2015-10-15 14:47:31 UTC,23,User,jasionb,535,bart,private,104KB,104,0,false,false
2015-10-15 15:00:16 UTC,23,User,jasionb,536,gsi,private,96KB,96,0,false,false
2015-10-15 17:43:25 UTC,145,Organization,IT-Efficiencies,537,Outlook-Email-Service,public,1.12MB,1120,0,false,false
2015-10-16 17:22:35 UTC,8,Organization,Trade-Efficiencies-TS,540,OTPP.CompliCheck.Service.WCF.ComplianceService,public,648KB,648,0,false,false
2015-10-16 17:25:13 UTC,8,Organization,Trade-Efficiencies-TS,541,OTPP.CompliCheck.AddIn.VSTO.CompliCheckAddIn,public,716KB,716,0,false,false
2015-10-16 18:16:40 UTC,43,Organization,EC-ACE,547,Exchange-Meetingroom-Frontend,public,5.53MB,5532,0,false,false
2015-10-16 18:39:09 UTC,181,User,tangji2,548,OTPP.InnovationChallenge.TCA,public,7.56MB,7560,0,false,false
2015-10-18 16:29:57 UTC,178,Organization,OTPP-InnovationChallenge-TCA,551,OTPP-InnovationChallenge-TCA,public,5.34MB,5336,0,false,false
2015-10-21 19:20:30 UTC,56,Organization,Trade-Efficiencies-Findur,553,OTPP.Findur.OpenComponents.OTPP179_RollLongTermMaturityDate,public,140KB,140,0,false,false
2015-10-22 04:07:41 UTC,56,Organization,Trade-Efficiencies-Findur,554,OTPP.Findur.OpenComponents.OTPP151_TriggerFromQueue,public,148KB,148,0,false,false
2015-10-23 14:27:32 UTC,61,Organization,DevOps,556,Sample,public,124KB,124,0,false,false
2015-10-23 19:27:22 UTC,179,Organization,TE-GSI,557,GSITradeApprovalUI,private,564KB,564,0,false,false
2015-10-23 19:27:52 UTC,179,Organization,TE-GSI,558,TradeApprovalService,private,436KB,436,0,false,false
2015-10-27 15:16:03 UTC,113,Organization,ETS,562,New-ScheduledTask,public,108KB,108,0,false,false
2015-10-28 15:52:46 UTC,179,Organization,TE-GSI,564,OneTickLoad,public,6.52MB,6524,0,false,false
2015-10-28 19:58:42 UTC,56,Organization,Trade-Efficiencies-Findur,568,OTPP.Findur.OpenComponents.OTPP162_BookInternalOpenRepo,public,188KB,188,0,false,false
2015-10-28 20:01:59 UTC,56,Organization,Trade-Efficiencies-Findur,569,OTPP.Findur.OpenComponents.OTPP175_TradeRequestLogging,public,156KB,156,0,false,false
2015-10-28 20:07:40 UTC,56,Organization,Trade-Efficiencies-Findur,570,OTPP.Findur.OpenComponents.OTPP151_FindurDataExtract,public,292KB,292,0,false,false
2015-10-29 14:04:30 UTC,186,Organization,TF-Compliance,572,RestrictedList-Recon-Client,public,212KB,212,0,false,false
2015-10-29 14:24:40 UTC,186,Organization,TF-Compliance,573,OPSCenter,public,3.33MB,3328,0,false,false
2015-10-29 14:47:27 UTC,186,Organization,TF-Compliance,574,RestrictedList-Recon-EMS-Client,public,70.84MB,70840,0,false,false
2015-10-29 15:09:46 UTC,186,Organization,TF-Compliance,575,RestrictedList-Recon-Run-Controller,public,2.52MB,2524,0,false,false
2015-10-30 13:54:23 UTC,113,Organization,ETS,576,SendEmail,public,104KB,104,0,false,false
2015-10-30 15:42:43 UTC,191,Organization,IC2015-DMM,577,KNIME,private,58.50MB,58496,0,false,false
2015-11-02 14:06:03 UTC,5,User,digiacm,578,PowerShell-Scripts,public,104KB,104,0,false,false
2015-11-02 14:59:04 UTC,43,Organization,EC-ACE,579,ExchangeSyncService,public,10.50MB,10504,0,false,false
2015-11-02 16:04:14 UTC,149,Organization,Trade-Efficiencies-Findur-AVS,580,OTPP,public,2.66MB,2660,0,false,false
2015-11-02 16:08:56 UTC,149,Organization,Trade-Efficiencies-Findur-AVS,581,STD,public,2.15MB,2152,0,false,false
2015-11-02 16:09:41 UTC,149,Organization,Trade-Efficiencies-Findur-AVS,582,ACCT,public,2.12MB,2116,0,false,false
2015-11-02 16:10:07 UTC,149,Organization,Trade-Efficiencies-Findur-AVS,583,APM,public,2.11MB,2112,0,false,false
2015-11-02 16:10:35 UTC,149,Organization,Trade-Efficiencies-Findur-AVS,584,CREDIT,public,2.11MB,2112,0,false,false
2015-11-02 16:10:55 UTC,149,Organization,Trade-Efficiencies-Findur-AVS,585,DBG,public,2.12MB,2120,0,false,false
2015-11-02 16:11:27 UTC,149,Organization,Trade-Efficiencies-Findur-AVS,586,HA,public,2.11MB,2112,0,false,false
2015-11-02 16:11:43 UTC,149,Organization,Trade-Efficiencies-Findur-AVS,587,IFRS,public,2.11MB,2112,0,false,false
2015-11-02 16:12:35 UTC,149,Organization,Trade-Efficiencies-Findur-AVS,588,OLN,public,2.11MB,2112,0,false,false
2015-11-02 16:14:23 UTC,149,Organization,Trade-Efficiencies-Findur-AVS,589,PNL,public,2.11MB,2112,0,false,false
2015-11-02 16:14:51 UTC,149,Organization,Trade-Efficiencies-Findur-AVS,590,RTPE,public,2.18MB,2180,0,false,false
2015-11-02 16:15:31 UTC,149,Organization,Trade-Efficiencies-Findur-AVS,591,Various,public,2.12MB,2120,0,false,false
2015-11-02 17:01:46 UTC,192,Organization,Trade-Efficiencies-DevOps,592,Github-Commit-Msg-Hook,public,104KB,104,0,false,false
2015-11-02 20:24:36 UTC,148,Organization,TE-BI-TabularModels,593,Generic-Tabular-Model-Refresh-Orchestration,public,144KB,144,0,false,false
2015-11-02 21:05:22 UTC,196,Organization,Trade-Efficiencies-Proswap,595,OTPP.Proswap.VSTO.DeltaHedgeSwapAddIn,public,160KB,160,0,false,false
2015-11-02 21:53:51 UTC,199,User,leduca,596,Innovation-Challenge,public,0KB,0,0,false,false
2015-11-02 22:03:17 UTC,192,Organization,Trade-Efficiencies-DevOps,597,excelShowChart,public,100KB,100,0,false,false
2015-11-03 18:14:10 UTC,196,Organization,Trade-Efficiencies-Proswap,598,OTPP.Proswap.VB6.ProswapClient,public,988KB,988,0,false,false
2015-11-03 18:24:21 UTC,196,Organization,Trade-Efficiencies-Proswap,599,OTPP.Proswap.VSTO.TRS_EXCEL_ADDIN,public,384KB,384,0,false,false
2015-11-04 00:28:54 UTC,65,Organization,BOR-CashReplacement,600,qnt-in-status-monitor,public,156KB,156,0,false,false
2015-11-04 19:29:48 UTC,145,Organization,IT-Efficiencies,601,IncidentService-Tester,public,132KB,132,0,false,false
2015-11-04 21:15:55 UTC,56,Organization,Trade-Efficiencies-Findur,604,OTPP.Findur.OpenComponents.OTPP116_SCCNet,public,208KB,208,0,false,false
2015-11-04 21:19:36 UTC,56,Organization,Trade-Efficiencies-Findur,605,OTPP.Findur.OpenComponents.OTPP126_NewTradeNotification,public,212KB,212,0,false,false
2015-11-05 20:23:12 UTC,57,Organization,Trade-Efficiencies-CRD,606,OTPP.CRD.Service.CRDAdapter,public,804KB,804,0,false,false
2015-11-05 21:51:10 UTC,172,Organization,IC2015-ApplicationHealth,607,wiki,private,104KB,104,0,false,false
2015-11-05 22:46:08 UTC,172,Organization,IC2015-ApplicationHealth,609,NotificationService-BackEnd,public,216KB,216,0,false,false
2015-11-06 12:02:57 UTC,172,Organization,IC2015-ApplicationHealth,610,NotificationService-FrontEnd,public,104KB,104,0,false,false
2015-11-06 18:20:50 UTC,202,Organization,Trade-Efficiencies-FXation,611,OTPP.FXation.VB6.FXationClient,public,496KB,496,0,false,false
2015-11-06 18:23:13 UTC,202,Organization,Trade-Efficiencies-FXation,612,OTPP.FXation.SSIS.ExportToQuantum,public,160KB,160,0,false,false
2015-11-06 18:23:43 UTC,202,Organization,Trade-Efficiencies-FXation,613,OTPP.FXation.Tibco.FXGTSSTradeUpload,public,140KB,140,0,false,false
2015-11-06 18:24:05 UTC,202,Organization,Trade-Efficiencies-FXation,614,OTPP.FXation.Tibco.FXGTSSTradeValidate,public,184KB,184,0,false,false
2015-11-09 16:32:27 UTC,97,Organization,SE-JIRA,615,Jira-Issue-Migration,public,136KB,136,0,false,false
2015-11-10 18:59:56 UTC,191,Organization,IC2015-DMM,616,UI,private,0KB,0,0,false,false
2015-11-10 19:01:04 UTC,191,Organization,IC2015-DMM,617,Services,public,104KB,104,0,false,false
2015-11-10 22:56:49 UTC,72,User,hsut,618,BOR-BUAD-IACalculator,public,0KB,0,0,false,false
2015-11-12 16:15:36 UTC,150,Organization,SE-Common,620,SSRS-CI-Scripts,public,276KB,276,0,false,false
2015-11-13 18:37:00 UTC,48,Organization,TF-InvestmentsPortal-IDCC,622,IDCC-Database-GMSLA,public,112KB,112,0,false,false
2015-11-16 14:57:49 UTC,56,Organization,Trade-Efficiencies-Findur,623,OTPP.Findur.Interfaces.TIBCO.Findur,public,292KB,292,0,false,false
2015-11-16 15:00:59 UTC,56,Organization,Trade-Efficiencies-Findur,624,OTPP.Findur.STP.TIBCO.TibcoSFTP_GetFiles-DirectoryCheckFix,public,444KB,444,0,false,false
2015-11-17 16:05:15 UTC,168,Organization,ITE-EnterpriseLogging,625,EL-MetaspacePurgeTool,public,148KB,148,0,false,false
2015-11-17 20:18:45 UTC,168,Organization,ITE-EnterpriseLogging,627,ASLibrary,public,124KB,124,0,false,false
2015-11-17 20:29:15 UTC,168,Organization,ITE-EnterpriseLogging,628,CommandLineParser,public,112KB,112,0,false,false
2015-11-17 20:33:45 UTC,168,Organization,ITE-EnterpriseLogging,629,LogLibrary,public,108KB,108,0,false,false
2015-11-17 20:56:08 UTC,156,User,chenle,630,XSLT-Project,public,116KB,116,0,false,false
2015-11-18 14:55:43 UTC,56,Organization,Trade-Efficiencies-Findur,631,OTPP.Findur.OpenComponents.Utilities,public,172KB,172,0,false,false
2015-11-18 21:01:37 UTC,57,Organization,Trade-Efficiencies-CRD,632,OTPP.CRD.Customization.InternalShorts_Client,public,168KB,168,0,false,false
2015-11-19 15:34:00 UTC,191,Organization,IC2015-DMM,633,R,private,156KB,156,0,false,false
2015-11-22 21:55:00 UTC,72,User,hsut,634,KFC-FSRecon,public,1.62MB,1624,0,false,false
2015-11-23 19:41:40 UTC,57,Organization,Trade-Efficiencies-CRD,635,OTPP.CRD.Customization.OTPP_INTERNALFX,public,708KB,708,0,false,false
2015-11-23 19:43:56 UTC,57,Organization,Trade-Efficiencies-CRD,636,OTPP.CRD.Customization.InternalShorts_Server,public,172KB,172,0,false,false
2015-11-23 19:44:37 UTC,57,Organization,Trade-Efficiencies-CRD,637,OTPP.CRD.Customization.RevertOrders,public,672KB,672,0,false,false
2015-11-23 19:49:38 UTC,57,Organization,Trade-Efficiencies-CRD,638,OTPP.CRD.Customization.SendToPostTrade,public,0KB,0,0,false,false
2015-11-24 13:00:27 UTC,168,Organization,ITE-EnterpriseLogging,642,OperationLogCache,public,0KB,0,0,false,false
2015-11-24 15:24:53 UTC,41,Organization,EC-eSearch,643,MDEX.Endeca.Update,public,0KB,0,0,false,false
2015-11-24 19:42:48 UTC,207,User,khannac,644,ServerSudokuTraining,private,1.56MB,1560,0,true,false
2015-11-25 19:12:47 UTC,208,Organization,ITE-ServiceNowIntegration,667,ServiceNowProject,public,0KB,0,0,false,false
2015-11-25 20:13:00 UTC,56,Organization,Trade-Efficiencies-Findur,690,OTPP.Findur.OpenComponent.OTPP42_TradeProcessing,public,0KB,0,0,false,false
2015-11-25 20:13:50 UTC,56,Organization,Trade-Efficiencies-Findur,691,OTPP.Findur.OpenComponent.OTPP84_ComOptValuation,public,0KB,0,0,false,false
2015-11-25 20:14:10 UTC,56,Organization,Trade-Efficiencies-Findur,692,OTPP.Findur.OpenComponent.OTPP91_MarketImport,public,0KB,0,0,false,false
2015-11-25 20:14:32 UTC,56,Organization,Trade-Efficiencies-Findur,693,OTPP.Findur.OpenComponent.OTPP92_ComOptVolImport,public,0KB,0,0,false,false
2015-11-25 20:14:51 UTC,56,Organization,Trade-Efficiencies-Findur,694,OTPP.Findur.OpenComponent.OTPP94_AutoPopulateRefField,public,0KB,0,0,false,false
2015-11-25 20:15:05 UTC,56,Organization,Trade-Efficiencies-Findur,695,OTPP.Findur.OpenComponent.OTPP95_TPM_LC_Facility_Validate,public,0KB,0,0,false,false
2015-11-25 20:15:19 UTC,56,Organization,Trade-Efficiencies-Findur,696,OTPP.Findur.OpenComponent.OTPP98_IndexPercentField,public,0KB,0,0,false,false
2015-11-25 20:15:47 UTC,56,Organization,Trade-Efficiencies-Findur,697,OTPP.Findur.OpenComponent.OTPP99_Omgeo_Bond_Recon,public,0KB,0,0,false,false
2015-11-25 20:17:52 UTC,56,Organization,Trade-Efficiencies-Findur,698,OTPP.Findur.OpenComponent.OTPP_PNL_Explained_TPM,public,0KB,0,0,false,false
2015-11-25 21:01:22 UTC,145,Organization,IT-Efficiencies,699,ProjectAdapter,public,0KB,0,0,false,false
2015-11-25 22:25:49 UTC,41,Organization,EC-eSearch,700,Endeca.Batch.Processes,public,0KB,0,0,false,false
2015-11-26 13:52:51 UTC,206,Organization,Trade-Efficiencies-Findur-TEST,701,OTPP.Findur.OpenComponent.Strategy,public,0KB,0,0,false,false
2015-11-26 13:53:51 UTC,206,Organization,Trade-Efficiencies-Findur-TEST,702,OTPP.Findur.OpenComponent.Validation,public,0KB,0,0,false,false
2015-11-26 13:54:44 UTC,206,Organization,Trade-Efficiencies-Findur-TEST,703,OTPP.Findur.OpenComponent.ValidationModule,public,0KB,0,0,false,false
2015-11-26 13:55:07 UTC,206,Organization,Trade-Efficiencies-Findur-TEST,704,OTPP.Findur.OpenComponent.AbstractFindurScript,public,0KB,0,0,false,false
2015-11-26 13:55:48 UTC,206,Organization,Trade-Efficiencies-Findur-TEST,705,OTPP.Findur.OpenComponent.Central-Clearing,public,0KB,0,0,false,false
2015-11-26 13:57:16 UTC,206,Organization,Trade-Efficiencies-Findur-TEST,706,OTPP.Findur.OpenComponent.Common,public,0KB,0,0,false,false
2015-11-26 13:58:01 UTC,206,Organization,Trade-Efficiencies-Findur-TEST,707,OTPP.Findur.OpenComponent.CounterpartyListRetrieval,public,0KB,0,0,false,false
2015-11-26 13:58:37 UTC,206,Organization,Trade-Efficiencies-Findur-TEST,708,OTPP.Findur.OpenComponent.DataLibrary,public,0KB,0,0,false,false
2015-11-26 14:00:14 UTC,206,Organization,Trade-Efficiencies-Findur-TEST,709,OTPP.Findur.OpenComponent.EmailModule,public,0KB,0,0,false,false
2015-11-26 14:00:43 UTC,206,Organization,Trade-Efficiencies-Findur-TEST,710,OTPP.Findur.OpenComponent.FindurDataExtract,public,0KB,0,0,false,false
2015-11-26 14:04:44 UTC,206,Organization,Trade-Efficiencies-Findur-TEST,711,OTPP.Findur.OpenComponent.Input-Verification,public,0KB,0,0,false,false
2015-11-26 14:05:48 UTC,206,Organization,Trade-Efficiencies-Findur-TEST,712,OTPP.Findur.OpenComponent.JMSConnectionLibrary,public,0KB,0,0,false,false
2015-11-26 14:36:49 UTC,56,Organization,Trade-Efficiencies-Findur,713,OTPP.Findur.OpenComponent.Strategy,public,0KB,0,0,false,false
2015-11-26 14:37:16 UTC,56,Organization,Trade-Efficiencies-Findur,714,OTPP.Findur.OpenComponent.Validation,public,0KB,0,0,false,false
2015-11-26 14:37:57 UTC,56,Organization,Trade-Efficiencies-Findur,715,OTPP.Findur.OpenComponent.ValidationModule,public,0KB,0,0,false,false
2015-11-26 14:38:17 UTC,56,Organization,Trade-Efficiencies-Findur,716,OTPP.Findur.OpenComponent.AbstractFindurScript,public,0KB,0,0,false,false
2015-11-26 14:38:55 UTC,56,Organization,Trade-Efficiencies-Findur,717,OTPP.Findur.OpenComponent.Common,public,0KB,0,0,false,false
2015-11-26 14:39:31 UTC,56,Organization,Trade-Efficiencies-Findur,718,OTPP.Findur.OpenComponent.CounterpartyListRetrieval,public,0KB,0,0,false,false
2015-11-26 14:40:00 UTC,56,Organization,Trade-Efficiencies-Findur,719,OTPP.Findur.OpenComponent.DataLibrary,public,0KB,0,0,false,false
2015-11-26 14:41:23 UTC,56,Organization,Trade-Efficiencies-Findur,720,OTPP.Findur.OpenComponent.EmailModule,public,0KB,0,0,false,false
2015-11-26 14:45:03 UTC,56,Organization,Trade-Efficiencies-Findur,722,OTPP.JMSConnectionLibrary,public,0KB,0,0,false,false
2015-11-26 16:40:11 UTC,206,Organization,Trade-Efficiencies-Findur-TEST,723,OTPP.Findur.OpenComponent.MarketImportProxy,public,0KB,0,0,false,false
2015-11-26 16:40:42 UTC,206,Organization,Trade-Efficiencies-Findur-TEST,724,OTPP.Findur.OpenComponent.NextBusinessDayModule,public,0KB,0,0,false,false
2015-11-26 16:41:02 UTC,206,Organization,Trade-Efficiencies-Findur-TEST,725,OTPP.Findur.OpenComponent.OTPP.Application.Findur.Strategy,public,0KB,0,0,false,false
2015-11-26 16:41:19 UTC,206,Organization,Trade-Efficiencies-Findur-TEST,726,OTPP.Findur.OpenComponent.OTPP109_PopSecIDFromDM,public,0KB,0,0,false,false
2015-11-26 16:41:41 UTC,206,Organization,Trade-Efficiencies-Findur-TEST,727,OTPP.Findur.OpenComponent.OTPP111_Validate_Discount_Factor,public,0KB,0,0,false,false
2015-11-26 16:42:02 UTC,206,Organization,Trade-Efficiencies-Findur-TEST,728,OTPP.Findur.OpenComponent.OTPP113_TPMUnwindCheck,public,0KB,0,0,false,false
2015-11-26 16:42:36 UTC,206,Organization,Trade-Efficiencies-Findur-TEST,729,OTPP.Findur.OpenComponent.OTPP115_StrategyMapping,public,0KB,0,0,false,false
2015-11-26 16:43:04 UTC,206,Organization,Trade-Efficiencies-Findur-TEST,730,OTPP.Findur.OpenComponent.OTPP116_OmgeoBondRecon,public,0KB,0,0,false,false
2015-11-26 16:43:58 UTC,206,Organization,Trade-Efficiencies-Findur-TEST,731,OTPP.Findur.OpenComponent.OTPP120_MarketExceptionSaveClose,public,0KB,0,0,false,false
2015-11-26 16:45:15 UTC,206,Organization,Trade-Efficiencies-Findur-TEST,732,OTPP.Findur.OpenComponent.OTPP121_TAA_Desktop_Columns,public,0KB,0,0,false,false
2015-11-26 16:51:01 UTC,145,Organization,IT-Efficiencies,733,OTPPWebControlLibrary,public,0KB,0,0,false,false
2015-11-26 16:53:03 UTC,208,Organization,ITE-ServiceNowIntegration,734,ServiceNowUser,public,0KB,0,0,false,false
2015-11-26 18:40:38 UTC,208,Organization,ITE-ServiceNowIntegration,735,ServiceNowDeactivateUser,public,0KB,0,0,false,false
2015-11-26 18:49:20 UTC,208,Organization,ITE-ServiceNowIntegration,736,ServiceNowMIDServerAdapter,public,0KB,0,0,false,false
2015-11-26 18:58:49 UTC,208,Organization,ITE-ServiceNowIntegration,737,ServiceNowSyncProjectInfo,public,0KB,0,0,false,false
2015-11-26 18:59:43 UTC,208,Organization,ITE-ServiceNowIntegration,738,ServiceNowSyncUserInfo,public,0KB,0,0,false,false
2015-11-26 19:17:59 UTC,56,Organization,Trade-Efficiencies-Findur,739,OTPP.Findur.OpenComponent.MarketImportProxy,public,0KB,0,0,false,false
2015-11-26 19:18:29 UTC,56,Organization,Trade-Efficiencies-Findur,740,OTPP.Findur.OpenComponent.NextBusinessDayModule,public,0KB,0,0,false,false
2015-11-26 19:18:46 UTC,56,Organization,Trade-Efficiencies-Findur,741,OTPP.Findur.OpenComponent.OTPP.Application.Findur.Strategy,public,0KB,0,0,false,false
2015-11-26 19:19:04 UTC,56,Organization,Trade-Efficiencies-Findur,742,OTPP.Findur.OpenComponent.OTPP109_PopSecIDFromDM,public,0KB,0,0,false,false
2015-11-26 19:19:28 UTC,56,Organization,Trade-Efficiencies-Findur,743,OTPP.Findur.OpenComponent.OTPP111_Validate_Discount_Factor,public,0KB,0,0,false,false
2015-11-26 19:19:49 UTC,56,Organization,Trade-Efficiencies-Findur,744,OTPP.Findur.OpenComponent.OTPP113_TPMUnwindCheck,public,0KB,0,0,false,false
2015-11-26 19:20:22 UTC,56,Organization,Trade-Efficiencies-Findur,745,OTPP.Findur.OpenComponent.OTPP115_StrategyMapping,public,0KB,0,0,false,false
2015-11-26 19:20:48 UTC,56,Organization,Trade-Efficiencies-Findur,746,OTPP.Findur.OpenComponent.OTPP116_OmgeoBondRecon,public,0KB,0,0,false,false
2015-11-26 19:21:47 UTC,56,Organization,Trade-Efficiencies-Findur,747,OTPP.Findur.OpenComponent.OTPP120_MarketExceptionSaveClose,public,0KB,0,0,false,false
2015-11-26 19:23:10 UTC,56,Organization,Trade-Efficiencies-Findur,748,OTPP.Findur.OpenComponent.OTPP121_TAA_Desktop_Columns,public,0KB,0,0,false,false
2015-11-26 20:03:06 UTC,206,Organization,Trade-Efficiencies-Findur-TEST,749,OTPP.Findur.OpenComponent.OTPP124_CopyFields,public,0KB,0,0,false,false
2015-11-26 20:03:44 UTC,206,Organization,Trade-Efficiencies-Findur-TEST,750,OTPP.Findur.OpenComponent.OTPP125_PopulateSettDateforBonds,public,0KB,0,0,false,false
2015-11-26 20:04:12 UTC,206,Organization,Trade-Efficiencies-Findur-TEST,751,OTPP.Findur.OpenComponent.OTPP126B_RequestUnwind,public,0KB,0,0,false,false
2015-11-26 20:05:05 UTC,206,Organization,Trade-Efficiencies-Findur-TEST,752,OTPP.Findur.OpenComponent.OTPP126_EmailFormattingUsingCSS,public,0KB,0,0,false,false
2015-11-26 20:05:27 UTC,206,Organization,Trade-Efficiencies-Findur-TEST,753,OTPP.Findur.OpenComponent.OTPP127_CentralClearingFMCPriceExtFields,public,0KB,0,0,false,false
2015-11-26 20:05:56 UTC,206,Organization,Trade-Efficiencies-Findur-TEST,754,OTPP.Findur.OpenComponent.OTPP128_CentralClearingFieldValid,public,0KB,0,0,false,false
2015-11-26 20:06:16 UTC,206,Organization,Trade-Efficiencies-Findur-TEST,755,OTPP.Findur.OpenComponent.OTPP129_CentralClearingDealLock,public,0KB,0,0,false,false
2015-11-26 20:06:30 UTC,206,Organization,Trade-Efficiencies-Findur-TEST,756,OTPP.Findur.OpenComponent.OTPP130_PopulateVolumeCleared,public,0KB,0,0,false,false
2015-11-26 20:07:03 UTC,206,Organization,Trade-Efficiencies-Findur-TEST,757,OTPP.Findur.OpenComponent.OTPP131_CentralClearingFieldRestriction,public,0KB,0,0,false,false
2015-11-26 20:07:40 UTC,206,Organization,Trade-Efficiencies-Findur-TEST,758,OTPP.Findur.OpenComponent.OTPP134_FuturesPriceRangeCheck,public,0KB,0,0,false,false
2015-11-26 20:13:47 UTC,56,Organization,Trade-Efficiencies-Findur,759,OTPP.Findur.OpenComponent.OTPP124_CopyFields,public,0KB,0,0,false,false
2015-11-26 20:14:06 UTC,56,Organization,Trade-Efficiencies-Findur,760,OTPP.Findur.OpenComponent.OTPP125_PopulateSettDateforBonds,public,0KB,0,0,false,false
2015-11-26 20:14:30 UTC,56,Organization,Trade-Efficiencies-Findur,761,OTPP.Findur.OpenComponent.OTPP126B_RequestUnwind,public,0KB,0,0,false,false
2015-11-26 20:15:14 UTC,56,Organization,Trade-Efficiencies-Findur,762,OTPP.Findur.OpenComponent.OTPP126_EmailFormattingUsingCSS,public,0KB,0,0,false,false
2015-11-26 20:15:33 UTC,56,Organization,Trade-Efficiencies-Findur,763,OTPP.Findur.OpenComponent.OTPP127_CentralClearingFMCPriceExtFields,public,0KB,0,0,false,false
2015-11-26 20:15:58 UTC,56,Organization,Trade-Efficiencies-Findur,764,OTPP.Findur.OpenComponent.OTPP128_CentralClearingFieldValid,public,0KB,0,0,false,false
2015-11-26 20:16:16 UTC,56,Organization,Trade-Efficiencies-Findur,765,OTPP.Findur.OpenComponent.OTPP129_CentralClearingDealLock,public,0KB,0,0,false,false
2015-11-26 20:16:29 UTC,56,Organization,Trade-Efficiencies-Findur,766,OTPP.Findur.OpenComponent.OTPP130_PopulateVolumeCleared,public,0KB,0,0,false,false
2015-11-26 20:17:01 UTC,56,Organization,Trade-Efficiencies-Findur,767,OTPP.Findur.OpenComponent.OTPP131_CentralClearingFieldRestriction,public,0KB,0,0,false,false
2015-11-26 20:17:34 UTC,56,Organization,Trade-Efficiencies-Findur,768,OTPP.Findur.OpenComponent.OTPP134_FuturesPriceRangeCheck,public,0KB,0,0,false,false
2015-11-27 14:20:00 UTC,101,Organization,EDP-EDW,770,EDF-TnCReferenceDataService,public,0KB,0,0,false,false
2015-11-27 14:32:37 UTC,101,Organization,EDP-EDW,771,EDF-LegalEntityService,public,0KB,0,0,false,false
2015-11-27 14:44:17 UTC,206,Organization,Trade-Efficiencies-Findur-TEST,772,OTPP.Findur.OpenComponent.OTPP135_BondTradeInputVerification,public,0KB,0,0,false,false
2015-11-27 14:45:03 UTC,206,Organization,Trade-Efficiencies-Findur-TEST,773,OTPP.Findur.OpenComponent.OTPP136_UpdateGPTDef,public,0KB,0,0,false,false
2015-11-27 14:45:58 UTC,206,Organization,Trade-Efficiencies-Findur-TEST,774,OTPP.Findur.OpenComponent.OTPP137_RollOpenRepoMaturity,public,0KB,0,0,false,false
2015-11-27 14:48:13 UTC,206,Organization,Trade-Efficiencies-Findur-TEST,775,OTPP.Findur.OpenComponent.OTPP138_Default_Buyout_Date,public,0KB,0,0,false,false
2015-11-27 14:49:49 UTC,206,Organization,Trade-Efficiencies-Findur-TEST,776,OTPP.Findur.OpenComponent.OTPP139_BuyoutNovationValidationLock,public,0KB,0,0,false,false
2015-11-27 14:50:17 UTC,206,Organization,Trade-Efficiencies-Findur-TEST,777,OTPP.Findur.OpenComponent.OTPP140_IDXStrategyEmail,public,0KB,0,0,false,false
2015-11-27 14:52:01 UTC,206,Organization,Trade-Efficiencies-Findur-TEST,778,OTPP.Findur.OpenComponent.OTPP141StrategyNtnlAdjustment,public,0KB,0,0,false,false
2015-11-27 14:52:36 UTC,206,Organization,Trade-Efficiencies-Findur-TEST,779,OTPP.Findur.OpenComponent.OTPP141StrategyNtnlDiscount,public,0KB,0,0,false,false
2015-11-27 14:52:58 UTC,206,Organization,Trade-Efficiencies-Findur-TEST,780,OTPP.Findur.OpenComponent.OTPP142_IDXStrategy_Sync,public,0KB,0,0,false,false
2015-11-27 14:59:53 UTC,56,Organization,Trade-Efficiencies-Findur,781,OTPP.Findur.OpenComponent.OTPP135_BondTradeInputVerification,public,0KB,0,0,false,false
2015-11-27 15:00:20 UTC,56,Organization,Trade-Efficiencies-Findur,782,OTPP.Findur.OpenComponent.OTPP136_UpdateGPTDef,public,0KB,0,0,false,false
2015-11-27 15:00:58 UTC,56,Organization,Trade-Efficiencies-Findur,783,OTPP.Findur.OpenComponent.OTPP137_RollOpenRepoMaturity,public,0KB,0,0,false,false
2015-11-27 15:02:11 UTC,56,Organization,Trade-Efficiencies-Findur,784,OTPP.Findur.OpenComponent.OTPP138_Default_Buyout_Date,public,0KB,0,0,false,false
2015-11-27 15:03:28 UTC,56,Organization,Trade-Efficiencies-Findur,785,OTPP.Findur.OpenComponent.OTPP139_BuyoutNovationValidationLock,public,0KB,0,0,false,false
2015-11-27 15:03:54 UTC,56,Organization,Trade-Efficiencies-Findur,786,OTPP.Findur.OpenComponent.OTPP140_IDXStrategyEmail,public,0KB,0,0,false,false
2015-11-27 15:05:26 UTC,56,Organization,Trade-Efficiencies-Findur,787,OTPP.Findur.OpenComponent.OTPP141StrategyNtnlAdjustment,public,0KB,0,0,false,false
2015-11-27 15:05:58 UTC,56,Organization,Trade-Efficiencies-Findur,788,OTPP.Findur.OpenComponent.OTPP141StrategyNtnlDiscount,public,0KB,0,0,false,false
2015-11-27 15:06:20 UTC,56,Organization,Trade-Efficiencies-Findur,789,OTPP.Findur.OpenComponent.OTPP142_IDXStrategy_Sync,public,0KB,0,0,false,false
2015-11-27 16:48:59 UTC,191,Organization,IC2015-DMM,790,AngularUI,private,0KB,0,0,false,false
2015-11-27 20:05:50 UTC,57,Organization,Trade-Efficiencies-CRD,791,OTPP.CRD.TIBCO.IDCCCounterpartyRestrictionPublisher,public,0KB,0,0,false,false
2015-11-27 20:40:38 UTC,209,Organization,ITE-EASy,792,EASyDelinquencyEmail,public,0KB,0,0,false,false
2015-11-30 19:22:04 UTC,209,Organization,ITE-EASy,793,EASyBI,public,0KB,0,0,false,false
2015-11-30 19:28:04 UTC,209,Organization,ITE-EASy,794,EASyGUI,public,0KB,0,0,false,false
